frame,sign,kx,ky,sbxframe
0,1,12,-5,129
15,1,7,-10,133
30,-1,8,-5,136
45,1,-7,-2,140
60,-1,-7,10,144
75,1,9,12,148
90,-1,7,-11,152
105,-1,-10,5,156
120,-1,6,-1,160
135,1,-11,-2,164
150,-1,9,1,167
165,1,3,11,171
180,-1,3,12,175
195,-1,3,-5,179
210,-1,11,10,183
225,-1,5,-2,187
240,-1,-3,12,191
255,-1,12,1,194
270,1,-4,10,198
285,-1,-5,5,202
300,-1,12,9,206
315,-1,4,-7,210
330,1,8,-5,214
345,-1,-6,-6,218
360,-1,2,-12,222
375,-1,-10,-7,225
390,1,6,8,229
405,1,9,8,233
420,1,7,-8,237
435,1,-8,1,241
450,-1,-10,8,245
465,-1,5,10,249
480,-1,2,9,252
495,1,6,-6,256
510,-1,3,7,260
525,-1,12,-12,264
540,-1,-10,-2,268
555,1,2,7,272
570,1,10,-1,276
585,-1,-1,-1,280
600,-1,4,-9,283
615,-1,-6,-3,287
630,1,-11,3,291
645,1,-9,-4,295
660,-1,-8,-10,299
675,1,-4,8,303
690,1,-8,-2,307
705,1,0,-5,310
720,-1,1,-10,314
735,1,12,1,318
750,1,-11,2,322
765,1,2,-1,326
780,-1,1,-3,330
795,-1,8,-4,334
810,-1,-1,-9,338
825,-1,3,-5,341
840,1,-6,4,345
855,1,6,10,349
870,-1,-4,3,353
885,1,1,1,357
900,-1,-12,-3,361
915,-1,3,-6,365
930,1,5,9,368
945,-1,-3,-11,372
960,-1,9,-9,376
975,1,3,-8,380
990,1,6,7,384
1005,1,-6,3,388
1020,-1,11,-7,392
1035,-1,3,3,396
1050,1,-9,4,399
1065,1,8,9,403
1080,-1,-6,-2,407
1095,1,1,-4,411
1110,-1,-12,3,415
1125,1,8,4,419
1140,-1,-5,-1,423
1155,1,-6,7,427
1170,-1,-8,6,430
1185,1,9,-11,434
1200,1,-5,-12,438
1215,1,-5,12,442
1230,1,-7,-5,446
1245,-1,-6,1,450
1260,-1,-11,-8,454
1275,1,-3,-9,457
1290,-1,-3,-3,461
1305,1,-9,-8,465
1320,1,4,8,469
1335,-1,-2,-2,473
1350,-1,-9,6,477
1365,-1,9,-3,481
1380,1,7,9,485
1395,1,-4,1,488
1410,1,-6,-4,492
1425,-1,-1,-12,496
1440,1,10,5,500
1455,1,-2,-2,504
1470,1,-6,10,508
1485,-1,-4,5,512
1500,-1,9,3,515
1515,1,8,-5,519
1530,1,1,7,523
1545,1,-5,-6,527
1560,-1,-7,-5,531
1575,1,-3,-6,535
1590,1,8,10,539
1605,1,11,-4,543
1620,1,10,-10,546
1635,-1,-7,-4,550
1650,1,-5,-5,554
1665,1,0,0,558
1680,-1,-7,9,562
1695,1,-10,6,566
1710,-1,9,2,570
1725,-1,3,-4,573
1740,1,-10,7,577
1755,1,6,-3,581
1770,-1,-4,4,585
1785,-1,6,7,589
1800,-1,8,-12,593
1815,-1,2,1,597
1830,1,-10,-5,601
1845,1,8,-11,604
1860,-1,10,-7,608
1875,1,-8,5,612
1890,-1,-11,-6,616
1905,-1,-9,6,620
1920,1,8,8,624
1935,-1,1,11,628
1950,1,-9,2,631
1965,-1,-2,-1,635
1980,-1,-7,5,639
1995,-1,-2,-7,643
2010,1,-6,7,647
2025,-1,-3,-1,651
2040,-1,-1,1,655
2055,-1,-2,8,659
2070,1,-12,-9,662
2085,1,5,8,666
2100,1,-9,6,670
2115,1,11,-5,674
2130,-1,-4,-12,678
2145,-1,7,1,682
2160,-1,-5,-5,686
2175,1,7,2,689
2190,-1,5,-8,693
2205,-1,2,-9,697
2220,1,-1,-11,701
2235,-1,-11,-4,705
2250,1,-8,-3,709
2265,-1,4,3,713
2280,-1,-12,-8,717
2295,-1,-5,-11,720
2310,1,10,-6,724
2325,1,-11,11,728
2340,1,11,-7,732
2355,-1,5,1,736
2370,1,4,2,740
2385,-1,-11,-7,744
2400,-1,3,4,748
2415,-1,2,2,751
2430,-1,7,-11,755
2445,1,-11,6,759
2460,1,10,7,763
2475,1,3,7,767
2490,-1,9,3,771
2505,1,-7,0,775
2520,1,-6,6,778
2535,1,2,8,782
2550,1,10,-1,786
2565,1,-8,-10,790
2580,-1,0,12,794
2595,1,5,-6,798
2610,-1,-7,11,802
2625,-1,-9,12,806
2640,-1,-9,6,809
2655,1,7,-3,813
2670,1,9,8,817
2685,-1,-4,-2,821
2700,-1,-3,1,825
2715,1,10,10,829
2730,1,-1,-9,833
2745,1,9,-11,836
2760,-1,-2,7,840
2775,1,-9,-2,844
2790,-1,9,-8,848
2805,1,-10,-9,852
2820,-1,-10,7,856
2835,1,0,-3,860
2850,1,-4,-7,864
2865,-1,6,-9,867
2880,1,-4,-12,871
2895,-1,8,10,875
2910,1,12,-5,879
2925,-1,-1,-5,883
2940,-1,9,-8,887
2955,-1,7,-1,891
2970,1,-11,4,894
2985,1,-7,-4,898
3000,-1,6,11,902
3015,-1,7,4,906
3030,1,10,-4,910
3045,-1,6,-7,914
3060,1,-4,-10,918
3075,-1,8,3,922
3090,-1,-6,-5,925
3105,-1,-10,6,929
3120,-1,1,12,933
3135,-1,-4,1,937
3150,-1,9,3,941
3165,-1,-7,6,945
3180,1,2,0,949
3195,1,-6,3,952
3210,1,-11,-5,956
3225,1,-6,9,960
3240,1,8,-4,964
3255,-1,-10,6,968
3270,-1,11,1,972
3285,1,-9,-1,976
3300,-1,1,10,980
3315,-1,0,2,983
3330,-1,-6,-11,987
3345,-1,-6,-1,991
3360,1,7,-2,995
3375,-1,-10,11,999
3390,1,-8,7,1003
3405,1,-6,0,1007
3420,1,12,6,1011
3435,1,-10,8,1014
3450,1,8,-1,1018
3465,-1,4,6,1022
3480,1,8,1,1026
3495,1,-9,5,1030
3510,1,-11,-7,1034
3525,1,-9,12,1038
3540,1,12,-11,1041
3555,-1,-4,-12,1045
3570,-1,6,2,1049
3585,-1,8,10,1053
3600,-1,7,-8,1057
3615,-1,7,8,1061
3630,1,-12,6,1065
3645,-1,-6,-9,1069
3660,1,-3,6,1072
3675,1,2,-12,1076
3690,-1,5,0,1080
3705,-1,9,2,1084
3720,-1,12,7,1088
3735,-1,-10,2,1092
3750,1,-6,-7,1096
3765,1,12,3,1099
3780,1,5,-11,1103
3795,-1,4,-9,1107
3810,-1,10,8,1111
3825,1,-10,-10,1115
3840,-1,10,7,1119
3855,1,-8,-7,1123
3870,1,3,-6,1127
3885,1,-11,12,1130
3900,1,7,-4,1134
3915,-1,11,5,1138
3930,1,4,3,1142
3945,-1,-6,5,1146
3960,1,-2,-2,1150
3975,-1,-12,5,1154
3990,1,7,9,1157
4005,1,-12,0,1161
4020,1,-7,12,1165
4035,1,-10,6,1169
4050,1,1,-11,1173
4065,-1,12,1,1177
4080,1,-12,6,1181
4095,-1,6,-6,1185
4110,1,-10,-7,1188
4125,1,4,12,1192
4140,1,-1,11,1196
4155,-1,-11,-2,1200
4170,1,-12,-7,1204
4185,-1,-2,-2,1208
4200,1,-3,-2,1212
4215,-1,-11,-3,1215
4230,1,12,7,1219
4245,-1,-5,5,1223
4260,-1,-4,-5,1227
4275,1,1,-9,1231
4290,-1,-9,-10,1235
4305,1,-5,6,1239
4320,-1,-11,3,1243
4335,1,-10,-3,1246
4350,-1,-11,-9,1250
4365,-1,3,6,1254
4380,1,6,-6,1258
4395,-1,-5,7,1262
4410,1,8,-7,1266
4425,-1,10,-10,1270
4440,-1,-12,9,1273
4455,-1,1,3,1277
4470,-1,-11,0,1281
4485,1,7,2,1285
4500,-1,1,2,1289
4515,-1,9,-9,1293
4530,-1,-10,-12,1297
4545,1,-10,8,1301
4560,-1,7,11,1304
4575,-1,-9,5,1308
4590,-1,-10,10,1312
4605,1,-5,-6,1316
4620,-1,8,6,1320
4635,-1,-1,-4,1324
4650,1,-6,1,1328
4665,1,2,-6,1332
4680,1,4,-3,1335
4695,1,2,-1,1339
4710,-1,-10,-8,1343
4725,-1,-12,-12,1347
4740,-1,0,0,1351
4755,-1,-9,11,1355
4770,1,9,9,1359
4785,1,3,2,1362
4800,-1,4,6,1366
4815,-1,-2,-3,1370
4830,-1,-4,-10,1374
4845,1,2,1,1378
4860,-1,-9,9,1382
4875,1,-9,0,1386
4890,-1,12,0,1390
4905,-1,8,-7,1393
4920,1,3,-2,1397
4935,1,-2,-9,1401
4950,1,1,5,1405
4965,1,0,-5,1409
4980,-1,7,3,1413
4995,1,-2,-5,1417
5010,-1,7,4,1420
5025,-1,0,11,1424
5040,1,9,-2,1428
5055,-1,-10,-7,1432
5070,-1,-3,-3,1436
5085,-1,12,5,1440
5100,-1,-3,8,1444
5115,1,6,-7,1448
5130,1,5,9,1451
5145,1,-11,9,1455
5160,-1,9,-12,1459
5175,-1,7,8,1463
5190,-1,-7,8,1467
5205,-1,-9,1,1471
5220,-1,11,7,1475
5235,1,4,-7,1478
5250,1,7,-2,1482
5265,-1,-3,-5,1486
5280,1,-3,4,1490
5295,1,4,-12,1494
5310,-1,-5,-11,1498
5325,1,10,-4,1502
5340,-1,7,6,1506
5355,1,9,6,1509
5370,-1,-2,4,1513
5385,1,12,-6,1517
5400,1,-12,2,1521
5415,-1,12,-3,1525
5430,-1,11,6,1529
5445,1,4,-2,1533
5460,-1,-4,8,1536
5475,-1,3,5,1540
5490,1,-9,8,1544
5505,-1,0,-8,1548
5520,-1,-5,-4,1552
5535,-1,-3,-10,1556
5550,1,-1,-8,1560
5565,-1,0,6,1564
5580,1,6,-7,1567
5595,-1,-8,3,1571
5610,-1,0,-2,1575
5625,1,-8,-12,1579
5640,1,3,2,1583
5655,1,-11,0,1587
5670,-1,11,-7,1591
5685,1,6,0,1594
5700,1,5,-11,1598
5715,1,7,9,1602
5730,1,-5,12,1606
5745,1,4,-12,1610
5760,-1,-1,-10,1614
5775,-1,7,-1,1618
5790,-1,11,1,1622
5805,-1,-12,-6,1625
5820,1,-6,-4,1629
5835,-1,3,-10,1633
5850,1,-1,-10,1637
5865,-1,-1,2,1641
5880,1,0,-1,1645
5895,1,-5,9,1649
5910,1,-7,-7,1653
5925,-1,11,5,1656
5940,-1,8,12,1660
5955,1,5,10,1664
5970,-1,11,-11,1668
5985,-1,-7,-3,1672
6000,1,4,-5,1676
6015,1,12,-10,1680
6030,1,-9,11,1683
6045,1,-12,11,1687
6060,-1,2,6,1691
6075,-1,7,-7,1695
6090,1,-2,0,1699
6105,1,-9,-2,1703
6120,1,11,9,1707
6135,1,-6,4,1711
6150,-1,-11,-8,1714
6165,1,-4,1,1718
6180,-1,-8,1,1722
6195,1,-7,9,1726
6210,-1,-6,-10,1730
6225,1,5,-7,1734
6240,1,-11,-1,1738
6255,1,1,6,1741
6270,-1,5,1,1745
6285,-1,-2,1,1749
6300,-1,9,11,1753
6315,1,8,-1,1757
6330,1,-5,-12,1761
6345,1,-3,-9,1765
6360,-1,2,-6,1769
6375,-1,9,-1,1772
6390,1,-10,12,1776
6405,-1,-7,-5,1780
6420,1,0,3,1784
6435,1,-5,3,1788
6450,1,8,10,1792
6465,1,7,2,1796
6480,-1,2,-9,1799
6495,1,-9,6,1803
6510,-1,10,7,1807
6525,1,5,8,1811
6540,1,-7,9,1815
6555,1,7,1,1819
6570,1,10,11,1823
6585,-1,-10,-10,1827
6600,1,2,-5,1830
6615,-1,12,-4,1834
6630,1,10,-5,1838
6645,1,-3,-12,1842
6660,1,-5,-3,1846
6675,-1,4,10,1850
6690,-1,7,-6,1854
6705,-1,6,11,1857
6720,-1,5,0,1861
6735,1,-7,-8,1865
6750,-1,9,-3,1869
6765,1,-6,10,1873
6780,-1,-8,-7,1877
6795,-1,-7,-3,1881
6810,1,-5,-7,1885
6825,-1,-7,8,1888
6840,1,3,7,1892
6855,-1,-2,11,1896
6870,1,-4,9,1900
6885,1,-3,-6,1904
6900,1,12,8,1908
6915,-1,4,2,1912
6930,-1,11,-7,1916
6945,1,12,-3,1919
6960,-1,-4,-4,1923
6975,1,1,-6,1927
6990,1,-8,8,1931
7005,-1,-12,-4,1935
7020,-1,-11,2,1939
7035,-1,-3,-6,1943
7050,1,-9,-6,1946
7065,-1,11,5,1950
7080,-1,9,8,1954
7095,-1,11,4,1958
7110,-1,-11,-7,1962
7125,1,-11,10,1966
7140,1,-12,-6,1970
7155,1,0,4,1974
7170,1,-10,-4,1977
7185,-1,1,11,1981
7200,-1,-8,6,1985
7215,-1,-9,-6,1989
7230,-1,-6,-1,1993
7245,1,-12,-8,1997
7260,1,-1,-7,2001
7275,-1,4,-9,2004
7290,1,0,-8,2008
7305,1,6,0,2012
7320,1,-5,2,2016
7335,1,6,6,2020
7350,1,-3,-6,2024
7365,-1,-5,-3,2028
7380,-1,2,-6,2032
7395,1,-8,3,2035
7410,-1,-12,3,2039
7425,1,-2,8,2043
7440,1,10,-3,2047
7455,-1,-12,-2,2051
7470,-1,2,7,2055
7485,1,-12,4,2059
7500,1,4,-1,2062
7515,-1,7,4,2066
7530,-1,-4,0,2070
7545,-1,-11,-8,2074
7560,-1,-6,-10,2078
7575,-1,2,-12,2082
7590,-1,-10,-10,2086
7605,-1,2,12,2090
7620,1,-9,0,2093
7635,-1,5,-1,2097
7650,-1,-5,8,2101
7665,1,5,8,2105
7680,-1,-10,-5,2109
7695,1,-8,9,2113
7710,-1,-8,6,2117
7725,-1,1,-9,2120
7740,1,-4,9,2124
7755,1,-12,5,2128
7770,-1,5,0,2132
7785,-1,7,-1,2136
7800,1,5,-4,2140
7815,-1,-4,0,2144
7830,1,9,0,2148
7845,-1,3,7,2151
7860,-1,-6,12,2155
7875,-1,-4,8,2159
7890,-1,1,1,2163
7905,1,-11,2,2167
7920,1,11,5,2171
7935,-1,-10,-8,2175
7950,-1,-12,-2,2178
7965,1,-2,4,2182
7980,1,-10,-8,2186
7995,-1,4,11,2190
8010,1,-12,-5,2194
8025,1,-12,2,2198
8040,1,2,12,2202
8055,-1,12,8,2206
8070,-1,-5,6,2209
8085,1,-6,-3,2213
8100,1,-2,2,2217
8115,1,12,-11,2221
8130,1,-8,-11,2225
8145,1,4,-2,2229
8160,1,9,-9,2233
8175,1,7,-6,2237
8190,-1,-6,-4,2240
8205,-1,-12,-1,2244
8220,-1,3,3,2248
8235,-1,9,-12,2252
8250,-1,7,3,2256
8265,-1,-9,-9,2260
8280,-1,4,7,2264
8295,-1,7,-1,2267
8310,-1,-5,3,2271
8325,1,10,-9,2275
8340,1,12,-8,2279
8355,1,12,12,2283
8370,1,-4,6,2287
8385,1,-6,4,2291
8400,1,-1,2,2295
8415,1,3,10,2298
8430,1,5,5,2302
8445,-1,10,7,2306
8460,1,12,8,2310
8475,-1,-5,5,2314
8490,-1,4,12,2318
8505,1,6,-9,2322
8520,-1,2,10,2325
8535,-1,6,2,2329
8550,-1,7,-10,2333
8565,1,0,2,2337
8580,-1,11,-1,2341
8595,1,10,10,2345
8610,-1,-9,3,2349
8625,1,-2,-9,2353
8640,1,-12,-11,2356
8655,1,-3,5,2360
8670,-1,-11,3,2364
8685,1,-9,-6,2368
8700,1,-2,-9,2372
8715,1,-2,3,2376
8730,1,-2,-12,2380
8745,1,2,1,2383
8760,1,1,9,2387
8775,1,-2,11,2391
8790,-1,7,0,2395
8805,-1,-3,3,2399
8820,-1,4,-7,2403
8835,-1,-9,5,2407
8850,-1,-3,4,2411
8865,-1,-3,9,2414
8880,1,-12,3,2418
8895,-1,5,2,2422
8910,-1,-3,1,2426
8925,-1,7,0,2430
8940,1,0,11,2434
8955,1,6,-11,2438
8970,-1,-12,1,2441
8985,1,8,-4,2445
9000,-1,-3,-3,2449
9015,1,-11,-5,2453
9030,1,10,1,2457
9045,1,-2,4,2461
9060,-1,5,-7,2465
9075,-1,-5,11,2469
9090,1,10,-6,2472
9105,-1,11,-5,2476
9120,-1,-7,-10,2480
9135,1,-4,12,2484
9150,-1,-11,1,2488
9165,1,2,3,2492
9180,-1,-11,7,2496
9195,-1,-6,-6,2499
9210,1,-4,-8,2503
9225,-1,12,11,2507
9240,-1,-11,-1,2511
9255,-1,6,1,2515
9270,1,6,8,2519
9285,1,-9,-12,2523
9300,1,8,-2,2527
9315,-1,8,-11,2530
9330,-1,3,5,2534
9345,-1,0,-4,2538
9360,-1,10,-10,2542
9375,1,10,7,2546
9390,1,11,5,2550
9405,1,-10,-8,2554
9420,1,-4,-6,2558
9435,-1,-2,-9,2561
9450,-1,-5,-11,2565
9465,1,6,2,2569
9480,1,-5,-11,2573
9495,1,-6,7,2577
9510,1,-9,-12,2581
9525,-1,-7,-8,2585
9540,1,6,3,2588
9555,-1,-1,-6,2592
9570,-1,-4,11,2596
9585,-1,-7,5,2600
9600,-1,2,-4,2604
9615,-1,9,0,2608
9630,-1,4,1,2612
9645,-1,-4,-3,2616
9660,1,2,-10,2619
9675,-1,-6,-12,2623
9690,1,5,2,2627
9705,-1,-6,12,2631
9720,-1,-10,-5,2635
9735,1,6,-6,2639
9750,-1,8,9,2643
9765,-1,11,-5,2646
9780,1,-4,5,2650
9795,1,5,-9,2654
9810,1,-1,-1,2658
9825,1,-8,4,2662
9840,1,11,-5,2666
9855,1,-11,-4,2670
9870,1,8,-7,2674
9885,1,-9,-1,2677
9900,1,-2,-12,2681
9915,-1,4,-8,2685
9930,1,5,3,2689
9945,1,-1,-5,2693
9960,-1,0,-3,2697
9975,-1,-10,-6,2701
9990,-1,10,0,2704
10005,-1,0,-11,2708
10020,-1,-12,12,2712
10035,1,8,5,2716
10050,1,0,11,2720
10065,-1,-8,-7,2724
10080,1,-1,0,2728
10095,-1,8,6,2732
10110,1,6,2,2735
10125,1,-2,-6,2739
10140,-1,-8,-4,2743
10155,-1,-11,-5,2747
10170,1,11,-1,2751
10185,1,-12,0,2755
10200,-1,-12,1,2759
10215,1,-11,8,2762
10230,1,7,-12,2766
10245,1,0,10,2770
10260,1,-8,12,2774
10275,-1,2,2,2778
10290,1,-8,-1,2782
10305,-1,10,12,2786
10320,1,9,-11,2790
10335,1,8,11,2793
10350,-1,-4,0,2797
10365,1,-5,-3,2801
10380,-1,9,-7,2805
10395,-1,10,10,2809
10410,1,2,8,2813
10425,-1,-4,-5,2817
10440,-1,12,9,2820
10455,1,-1,-8,2824
10470,1,-8,-6,2828
10485,-1,-10,-9,2832
10500,1,-1,4,2836
10515,1,1,-4,2840
10530,-1,-8,0,2844
10545,1,-6,-3,2848
10560,1,6,5,2851
10575,-1,6,-4,2855
10590,-1,9,5,2859
10605,1,4,-5,2863
10620,-1,8,9,2867
10635,1,-5,-1,2871
10650,1,-7,12,2875
10665,1,-5,-6,2879
10680,-1,-10,-1,2882
10695,1,-1,1,2886
10710,1,-2,6,2890
10725,1,-9,-5,2894
10740,-1,-1,0,2898
10755,1,5,1,2902
10770,1,5,-10,2906
10785,1,8,5,2909
10800,-1,6,2,2913
10815,1,-12,-9,2917
10830,-1,11,2,2921
10845,-1,0,-2,2925
10860,1,-3,-3,2929
10875,-1,3,3,2933
10890,1,0,11,2937
10905,1,1,-7,2940
10920,1,-6,-12,2944
10935,-1,-3,-12,2948
10950,1,-12,9,2952
10965,-1,-11,-9,2956
10980,-1,-9,-5,2960
10995,1,-6,-1,2964
11010,1,10,-12,2967
11025,1,-2,10,2971
11040,-1,9,-10,2975
11055,-1,4,10,2979
11070,1,-7,7,2983
11085,1,2,-1,2987
11100,1,10,0,2991
11115,-1,10,-7,2995
11130,-1,9,11,2998
11145,1,3,8,3002
11160,-1,6,5,3006
11175,1,2,-9,3010
11190,1,6,8,3014
11205,1,-3,11,3018
11220,-1,-10,5,3022
11235,-1,-8,-3,3025
11250,1,4,-6,3029
11265,-1,-8,-3,3033
11280,-1,6,11,3037
11295,1,-12,8,3041
11310,1,1,10,3045
11325,1,2,9,3049
11340,1,11,-8,3053
11355,1,-11,0,3056
11370,-1,4,-2,3060
11385,1,4,-8,3064
11400,-1,10,12,3068
11415,-1,7,-1,3072
11430,-1,7,8,3076
11445,1,7,4,3080
11460,-1,10,-2,3083
11475,1,9,-12,3087
11490,1,9,-5,3091
11505,-1,-1,6,3095
11520,-1,6,8,3099
11535,1,-1,7,3103
11550,1,-2,-11,3107
11565,1,-3,-2,3111
11580,1,3,9,3114
11595,-1,-10,6,3118
11610,1,1,-1,3122
11625,-1,11,-8,3126
11640,1,1,10,3130
11655,-1,-5,10,3134
11670,-1,11,8,3138
11685,-1,-2,10,3142
11700,1,11,3,3145
11715,-1,11,6,3149
11730,1,5,7,3153
11745,1,9,11,3157
11760,1,12,-10,3161
11775,1,5,7,3165
11790,1,-1,4,3169
11805,-1,4,11,3172
11820,-1,-4,0,3176
11835,-1,2,3,3180
11850,-1,-11,-8,3184
11865,-1,2,1,3188
11880,1,-9,9,3192
11895,-1,12,0,3196
11910,1,-7,1,3200
11925,-1,6,-12,3203
11940,-1,-2,8,3207
11955,-1,5,-4,3211
11970,-1,1,6,3215
11985,-1,-7,4,3219
12000,-1,5,0,3223
12015,-1,5,-8,3227
12030,-1,3,-6,3230
12045,-1,-3,5,3234
12060,-1,-2,7,3238
12075,-1,-10,0,3242
12090,-1,1,-7,3246
12105,1,0,-2,3250
12120,1,-10,6,3254
12135,1,4,-12,3258
12150,-1,3,4,3261
12165,1,7,11,3265
12180,-1,-1,-10,3269
12195,1,4,1,3273
12210,-1,-12,3,3277
12225,1,7,-9,3281
12240,-1,7,-12,3285
12255,1,-9,-1,3288
12270,1,12,3,3292
12285,1,-1,9,3296
12300,-1,-2,6,3300
12315,1,11,-8,3304
12330,1,-6,-9,3308
12345,1,9,-9,3312
12360,-1,4,-3,3316
12375,-1,9,12,3319
12390,-1,-3,1,3323
12405,1,-9,-11,3327
12420,-1,9,-5,3331
12435,-1,-7,11,3335
12450,-1,7,1,3339
12465,1,-3,-5,3343
12480,1,2,-7,3346
12495,1,11,-12,3350
12510,1,4,-12,3354
12525,1,-10,-9,3358
12540,-1,12,-5,3362
12555,-1,8,7,3366
12570,1,4,7,3370
12585,1,-4,-8,3374
12600,-1,7,-7,3377
12615,-1,1,2,3381
12630,1,-11,1,3385
12645,1,-9,2,3389
12660,-1,-12,9,3393
12675,-1,5,-9,3397
12690,1,-11,-3,3401
12705,1,-4,3,3404
12720,1,-12,-3,3408
12735,1,-2,-4,3412
12750,-1,8,10,3416
12765,1,-6,-6,3420
12780,1,-2,-11,3424
12795,-1,-11,2,3428
12810,-1,8,8,3432
12825,1,-4,-4,3435
12840,1,-1,6,3439
12855,-1,-2,10,3443
12870,-1,-7,10,3447
12885,-1,-11,1,3451
12900,1,-12,-5,3455
12915,1,5,-7,3459
12930,1,0,-5,3463
12945,1,-7,-12,3466
12960,-1,2,-7,3470
12975,-1,9,-11,3474
12990,-1,7,9,3478
13005,-1,-12,-2,3482
13020,-1,-12,-7,3486
13035,1,-1,-12,3490
13050,1,-6,-2,3493
13065,-1,-9,-2,3497
13080,1,-1,0,3501
13095,1,8,12,3505
13110,1,2,-7,3509
13125,-1,-2,-1,3513
13140,1,4,4,3517
13155,-1,9,1,3521
13170,-1,5,11,3524
13185,-1,7,8,3528
13200,1,3,8,3532
13215,1,9,-8,3536
13230,1,5,-12,3540
13245,1,10,-8,3544
13260,1,-7,-9,3548
13275,-1,7,1,3551
13290,-1,-4,5,3555
13305,-1,-12,1,3559
13320,1,5,-3,3563
13335,1,4,-3,3567
13350,1,-6,-6,3571
13365,1,4,-11,3575
13380,1,-3,7,3579
13395,-1,-10,-12,3582
13410,-1,5,5,3586
13425,1,3,11,3590
13440,1,-8,7,3594
13455,-1,2,5,3598
13470,1,10,-10,3602
13485,1,11,-12,3606
13500,-1,-1,10,3609
13515,1,-1,4,3613
13530,-1,8,-9,3617
13545,-1,-12,2,3621
13560,-1,4,-8,3625
13575,-1,8,-3,3629
13590,1,5,-10,3633
13605,1,-6,2,3637
13620,-1,-6,2,3640
13635,1,3,10,3644
13650,-1,0,-3,3648
13665,-1,-2,7,3652
13680,-1,-1,5,3656
13695,1,1,-10,3660
13710,1,9,6,3664
13725,1,10,-5,3667
13740,1,-3,10,3671
13755,-1,-8,12,3675
13770,1,-11,-9,3679
13785,-1,2,9,3683
13800,-1,12,-5,3687
13815,1,-4,-1,3691
13830,-1,12,11,3695
13845,1,-11,11,3698
13860,1,4,10,3702
13875,1,8,6,3706
13890,1,-10,0,3710
13905,1,-6,-12,3714
13920,-1,11,-12,3718
13935,1,11,-2,3722
13950,1,-12,6,3725
13965,1,-11,-5,3729
13980,1,4,5,3733
13995,-1,10,-10,3737
14010,1,11,10,3741
14025,1,-5,-7,3745
14040,-1,-10,7,3749
14055,1,-7,-10,3753
14070,-1,9,-6,3756
14085,-1,8,6,3760
14100,-1,3,-6,3764
14115,1,10,7,3768
14130,-1,-6,10,3772
14145,-1,-9,2,3776
14160,-1,1,3,3780
14175,-1,9,-8,3784
14190,-1,-7,-1,3787
14205,1,12,-5,3791
14220,-1,-6,5,3795
14235,-1,3,-6,3799
14250,-1,-7,6,3803
14265,1,5,7,3807
14280,-1,-9,-12,3811
14295,1,-8,12,3814
14310,-1,8,-2,3818
14325,1,10,8,3822
14340,1,2,-6,3826
14355,1,-12,7,3830
14370,1,-6,-10,3834
14385,1,-9,-7,3838
14400,-1,-3,10,3842
14415,1,8,0,3845
14430,1,3,11,3849
14445,-1,1,11,3853
14460,1,6,6,3857
14475,-1,-2,11,3861
14490,1,1,0,3865
14505,1,2,-8,3869
14520,-1,7,5,3872
14535,1,2,-11,3876
14550,1,7,10,3880
14565,-1,-6,-1,3884
14580,-1,4,5,3888
14595,-1,-8,7,3892
14610,-1,7,-9,3896
14625,1,-7,9,3900
14640,1,11,2,3903
14655,-1,6,-8,3907
14670,1,11,-4,3911
14685,-1,10,10,3915
14700,-1,7,-3,3919
14715,1,8,12,3923
14730,1,10,-5,3927
14745,1,-8,-5,3930
14760,1,11,-10,3934
14775,-1,10,10,3938
14790,1,-8,-8,3942
14805,-1,7,3,3946
14820,-1,12,1,3950
14835,1,-5,-3,3954
14850,1,-4,7,3958
14865,1,-7,8,3961
14880,1,9,6,3965
14895,1,3,1,3969
14910,1,-2,8,3973
14925,1,-10,1,3977
14940,-1,-4,-4,3981
14955,1,5,-6,3985
14970,1,2,-8,3988
14985,-1,9,-12,3992
15000,-1,9,5,3996
15015,1,7,4,4000
15030,1,12,6,4004
15045,1,9,-3,4008
15060,1,-4,-11,4012
15075,1,4,-7,4016
15090,1,12,-1,4019
15105,-1,-11,10,4023
15120,1,2,-1,4027
15135,1,-8,7,4031
15150,1,0,6,4035
15165,1,-11,-11,4039
15180,1,0,10,4043
15195,1,-6,-9,4047
15210,1,4,0,4050
15225,-1,-5,12,4054
15240,-1,11,3,4058
15255,1,11,4,4062
15270,-1,-2,-11,4066
15285,-1,-2,3,4070
15300,-1,-5,-11,4074
15315,1,3,2,4077
15330,1,11,2,4081
15345,1,-7,1,4085
15360,1,-4,4,4089
15375,1,3,-4,4093
15390,-1,-3,1,4097
15405,-1,4,4,4101
15420,-1,-10,2,4105
15435,1,-6,-3,4108
15450,1,-11,-6,4112
15465,1,1,-7,4116
15480,1,1,0,4120
15495,-1,3,-4,4124
15510,-1,1,-8,4128
15525,1,-7,-3,4132
15540,1,-9,-6,4135
15555,-1,-7,8,4139
15570,1,-8,0,4143
15585,-1,8,4,4147
15600,-1,8,-6,4151
15615,-1,1,9,4155
15630,-1,-12,6,4159
15645,1,10,-3,4163
15660,1,-9,8,4166
15675,1,-2,8,4170
15690,1,5,7,4174
15705,-1,-6,0,4178
15720,1,-4,6,4182
15735,1,9,3,4186
15750,1,-9,-4,4190
15765,1,3,-6,4193
15780,-1,12,2,4197
15795,1,11,11,4201
15810,-1,-12,4,4205
15825,-1,5,11,4209
15840,-1,12,11,4213
15855,-1,3,-5,4217
15870,1,8,8,4221
15885,1,-8,3,4224
15900,-1,9,2,4228
15915,-1,9,3,4232
15930,1,1,-6,4236
15945,-1,6,-8,4240
15960,-1,6,-8,4244
15975,1,-9,-8,4248
15990,1,7,-12,4251
16005,-1,2,2,4255
16020,1,-9,-4,4259
16035,-1,-2,3,4263
16050,1,7,10,4267
16065,-1,9,3,4271
16080,-1,0,-3,4275
16095,-1,8,-4,4279
16110,1,-2,4,4282
16125,-1,-3,-11,4286
16140,1,-2,-3,4290
16155,1,-6,-3,4294
16170,-1,3,-10,4298
16185,1,-8,-9,4302
16200,-1,-6,4,4306
16215,-1,-7,6,4309
16230,-1,-12,9,4313
16245,-1,8,-11,4317
16260,-1,1,7,4321
16275,-1,-3,-10,4325
16290,-1,9,-7,4329
16305,1,-3,12,4333
16320,1,-8,-2,4337
16335,-1,-2,3,4340
16350,-1,2,8,4344
16365,1,8,-1,4348
16380,1,-1,-9,4352
16395,1,0,1,4356
16410,1,9,-10,4360
16425,1,2,1,4364
16440,1,4,-3,4368
16455,-1,10,-10,4371
16470,1,-12,-12,4375
16485,-1,-9,-6,4379
16500,1,-4,9,4383
16515,1,-11,5,4387
16530,-1,11,-4,4391
16545,-1,2,-2,4395
16560,-1,9,-1,4398
16575,-1,7,7,4402
16590,-1,-3,-12,4406
16605,1,-11,-3,4410
16620,-1,-1,-4,4414
16635,1,0,-11,4418
16650,1,8,-12,4422
16665,-1,2,0,4426
16680,1,-1,-4,4429
16695,-1,-3,-2,4433
16710,1,2,-10,4437
16725,1,9,-9,4441
16740,-1,10,3,4445
16755,1,-4,-7,4449
16770,1,8,-4,4453
16785,-1,0,-6,4456
16800,1,-12,-10,4460
16815,-1,-3,3,4464
16830,1,3,-5,4468
16845,1,9,12,4472
16860,-1,-11,-12,4476
16875,1,2,-10,4480
16890,-1,-4,12,4484
16905,-1,0,-11,4487
16920,-1,-10,5,4491
16935,1,-6,2,4495
16950,1,-3,-5,4499
16965,1,-7,0,4503
16980,1,9,7,4507
16995,1,12,0,4511
17010,1,6,-5,4514
17025,1,5,-6,4518
17040,1,-9,11,4522
17055,1,3,-8,4526
17070,-1,-1,-9,4530
17085,1,0,4,4534
17100,-1,-3,-1,4538
17115,1,3,-9,4542
17130,-1,7,1,4545
17145,-1,3,-1,4549
17160,-1,-12,9,4553
17175,-1,-12,2,4557
17190,1,5,-3,4561
17205,-1,12,6,4565
17220,-1,3,5,4569
17235,-1,-1,-7,4572
17250,1,-4,8,4576
17265,1,3,9,4580
17280,1,-12,-2,4584
17295,1,-5,11,4588
17310,1,8,-4,4592
17325,-1,-4,-7,4596
17340,-1,0,-10,4600
17355,1,12,-8,4603
17370,1,-1,12,4607
17385,-1,8,8,4611
17400,1,5,2,4615
17415,-1,0,-1,4619
17430,1,6,-4,4623
17445,1,5,-8,4627
17460,-1,-1,2,4630
17475,1,-6,7,4634
17490,-1,0,5,4638
17505,1,9,-6,4642
17520,-1,-8,1,4646
17535,-1,7,9,4650
17550,1,-10,-9,4654
17565,-1,-10,8,4658
17580,-1,7,7,4661
17595,-1,8,-3,4665
17610,-1,-2,-5,4669
17625,-1,-2,1,4673
17640,-1,-3,-5,4677
17655,1,10,1,4681
17670,1,-7,10,4685
17685,-1,9,6,4689
17700,1,12,10,4692
17715,1,-4,11,4696
17730,1,6,-8,4700
17745,1,0,3,4704
17760,1,9,12,4708
17775,1,7,-10,4712
17790,1,3,-10,4716
17805,-1,-12,-7,4719
17820,1,10,10,4723
17835,1,-8,-1,4727
17850,1,2,5,4731
17865,1,-4,10,4735
17880,1,12,-2,4739
17895,1,12,4,4743
17910,1,7,4,4747
17925,1,-5,11,4750
17940,1,3,10,4754
17955,-1,8,9,4758
17970,1,-5,12,4762
17985,-1,12,0,4766
18000,-1,-10,2,4770
18015,-1,-8,10,4774
18030,1,0,-8,4777
18045,1,-6,-5,4781
18060,-1,6,3,4785
18075,1,-6,-6,4789
18090,-1,7,-2,4793
18105,1,-9,10,4797
18120,1,12,0,4801
18135,-1,8,4,4805
18150,-1,5,9,4808
18165,1,3,7,4812
18180,-1,10,7,4816
18195,1,3,-10,4820
18210,1,-6,-10,4824
18225,-1,-11,-8,4828
18240,-1,12,10,4832
18255,1,-3,6,4835
18270,-1,-8,-5,4839
18285,-1,-1,4,4843
18300,1,-8,5,4847
18315,1,-4,-4,4851
18330,-1,2,-1,4855
18345,1,7,-3,4859
18360,1,-6,-2,4863
18375,1,-11,4,4866
18390,1,7,0,4870
18405,-1,12,-4,4874
18420,1,-3,-9,4878
18435,1,-2,12,4882
18450,1,-12,11,4886
18465,1,5,10,4890
18480,1,-3,6,4893
18495,1,2,6,4897
18510,-1,-3,-1,4901
18525,-1,-11,-2,4905
18540,1,-2,-10,4909
18555,-1,4,-5,4913
18570,1,3,9,4917
18585,1,3,-8,4921
18600,1,-3,-8,4924
18615,1,-12,3,4928
18630,1,12,-3,4932
18645,-1,-11,1,4936
18660,-1,-7,0,4940
18675,-1,7,12,4944
18690,1,8,-8,4948
18705,1,9,-2,4952
18720,1,-12,-3,4955
18735,1,-10,-10,4959
18750,1,7,9,4963
18765,-1,-2,-2,4967
18780,-1,-10,4,4971
18795,-1,-6,12,4975
18810,1,-9,-2,4979
18825,1,3,-7,4982
18840,1,1,-3,4986
18855,1,-10,12,4990
18870,-1,-12,10,4994
18885,1,-6,-8,4998
18900,-1,-4,10,5002
18915,-1,7,7,5006
18930,-1,-9,-1,5010
18945,1,4,-12,5013
18960,1,-4,11,5017
18975,-1,1,10,5021
18990,1,12,3,5025
19005,1,-10,5,5029
19020,1,8,2,5033
19035,1,12,-6,5037
19050,1,-4,0,5040
19065,-1,-6,11,5044
19080,-1,1,-12,5048
19095,-1,-9,12,5052
19110,1,-1,9,5056
19125,-1,-6,7,5060
19140,1,2,0,5064
19155,-1,3,-4,5068
19170,1,12,-2,5071
19185,-1,0,1,5075
19200,1,3,-5,5079
19215,-1,-1,0,5083
19230,-1,-10,9,5087
19245,-1,12,4,5091
19260,-1,-7,-8,5095
19275,-1,4,12,5098
19290,1,-4,-1,5102
19305,1,10,10,5106
19320,1,9,-4,5110
19335,1,-6,5,5114
19350,-1,7,9,5118
19365,-1,4,12,5122
19380,-1,-3,-8,5126
19395,1,-2,3,5129
19410,1,-3,-3,5133
19425,1,11,0,5137
19440,-1,-5,7,5141
19455,-1,-7,-2,5145
19470,1,1,-12,5149
19485,1,-12,12,5153
19500,1,-11,5,5156
19515,-1,-3,-1,5160
19530,1,10,-2,5164
19545,-1,1,10,5168
19560,-1,7,-10,5172
19575,-1,-8,-7,5176
19590,-1,-8,4,5180
19605,1,-1,-9,5184
19620,1,-9,-6,5187
19635,-1,-5,5,5191
19650,-1,11,10,5195
19665,1,-2,5,5199
19680,1,7,8,5203
19695,-1,-4,7,5207
19710,1,11,-12,5211
19725,-1,-8,9,5214
19740,-1,12,5,5218
19755,1,11,9,5222
19770,-1,4,9,5226
19785,-1,-9,-9,5230
19800,-1,-12,-10,5234
19815,1,-3,4,5238
19830,-1,2,9,5242
19845,1,-9,-6,5245
19860,1,-9,1,5249
19875,1,2,0,5253
19890,1,-9,5,5257
19905,-1,-11,1,5261
19920,1,1,8,5265
19935,-1,-8,-11,5269
19950,1,-7,0,5273
19965,-1,-8,5,5276
19980,1,-7,-7,5280
19995,1,2,7,5284
20010,1,10,-12,5288
20025,-1,-6,6,5292
20040,-1,-3,12,5296
20055,-1,5,-1,5300
20070,1,-12,1,5303
20085,-1,-10,-10,5307
20100,1,12,-4,5311
20115,-1,9,7,5315
20130,1,-4,9,5319
20145,1,4,-7,5323
20160,1,2,8,5327
20175,-1,11,12,5331
20190,1,-11,1,5334
20205,-1,6,-4,5338
20220,1,-8,-9,5342
20235,1,0,12,5346
20250,1,-10,9,5350
20265,-1,-10,3,5354
20280,-1,5,9,5358
20295,-1,2,3,5361
20310,-1,3,4,5365
20325,-1,-1,3,5369
20340,1,1,11,5373
20355,-1,4,-1,5377
20370,-1,-5,9,5381
20385,1,2,10,5385
20400,1,-7,3,5389
20415,-1,3,-7,5392
20430,-1,3,7,5396
20445,-1,12,-5,5400
20460,-1,-8,-2,5404
20475,-1,-8,-12,5408
20490,1,7,3,5412
20505,1,7,1,5416
20520,1,5,11,5419
20535,-1,-9,2,5423
20550,-1,-10,-7,5427
20565,1,-4,1,5431
20580,-1,-3,-3,5435
20595,-1,4,4,5439
20610,-1,-8,-4,5443
20625,-1,-7,-4,5447
20640,1,-2,6,5450
20655,1,7,6,5454
20670,-1,-9,11,5458
20685,1,8,7,5462
20700,-1,-3,2,5466
20715,-1,1,1,5470
20730,1,-7,10,5474
20745,1,-10,-1,5477
20760,-1,4,-5,5481
20775,1,-11,3,5485
20790,-1,11,-10,5489
20805,1,4,-9,5493
20820,-1,-4,-1,5497
20835,1,12,3,5501
20850,-1,2,-7,5505
20865,-1,7,12,5508
20880,1,-4,4,5512
20895,-1,3,9,5516
20910,-1,-7,-3,5520
20925,1,-6,-8,5524
20940,1,1,-7,5528
20955,1,-2,9,5532
20970,-1,-8,4,5535
20985,1,-7,-6,5539
21000,-1,11,11,5543
21015,-1,-2,5,5547
21030,1,7,9,5551
21045,-1,-1,-4,5555
21060,-1,9,-9,5559
21075,1,-10,-12,5563
21090,-1,10,-7,5566
21105,1,-7,1,5570
21120,-1,3,-12,5574
21135,-1,9,11,5578
21150,1,-10,-11,5582
21165,-1,8,2,5586
21180,1,2,-3,5590
21195,-1,-9,-11,5594
21210,-1,10,7,5597
21225,-1,11,6,5601
21240,1,9,-10,5605
21255,1,0,6,5609
21270,-1,-11,-4,5613
21285,1,2,5,5617
21300,-1,9,12,5621
21315,-1,8,12,5624
21330,-1,2,7,5628
21345,-1,-5,8,5632
21360,-1,-3,4,5636
21375,1,-4,9,5640
21390,-1,-9,-7,5644
21405,-1,-3,-6,5648
21420,1,12,-5,5652
21435,1,-9,-7,5655
21450,1,2,-9,5659
21465,1,11,1,5663
21480,-1,4,-6,5667
21495,1,5,-4,5671
21510,1,6,5,5675
21525,-1,-9,7,5679
21540,1,11,8,5682
21555,1,-9,6,5686
21570,1,-10,0,5690
21585,1,2,1,5694
21600,1,8,11,5698
21615,-1,5,0,5702
21630,-1,-2,-6,5706
21645,-1,9,0,5710
21660,-1,-11,-10,5713
21675,-1,-3,4,5717
21690,-1,-6,-2,5721
21705,-1,-7,-9,5725
21720,1,-9,9,5729
21735,1,3,-7,5733
21750,-1,-3,-3,5737
21765,1,-4,1,5740
21780,-1,-1,1,5744
21795,1,-12,2,5748
21810,-1,4,10,5752
21825,-1,8,-7,5756
21840,-1,8,-6,5760
21855,-1,5,1,5764
21870,1,-6,-11,5768
21885,1,1,-11,5771
21900,-1,-8,0,5775
21915,-1,10,12,5779
21930,1,0,-6,5783
21945,-1,1,-8,5787
21960,-1,-3,11,5791
21975,-1,-8,-7,5795
21990,-1,-3,-4,5798
22005,1,-6,11,5802
22020,-1,11,-9,5806
22035,1,0,8,5810
22050,-1,4,-2,5814
22065,1,2,0,5818
22080,1,0,-12,5822
22095,1,0,7,5826
22110,-1,8,-4,5829
22125,-1,2,4,5833
22140,-1,-5,1,5837
22155,1,-11,-10,5841
22170,-1,12,6,5845
22185,-1,-1,-12,5849
22200,-1,11,-2,5853
22215,1,4,-6,5856
22230,-1,7,5,5860
22245,-1,7,-9,5864
22260,1,-2,0,5868
22275,1,6,-4,5872
22290,-1,6,-2,5876
22305,-1,-3,7,5880
22320,-1,8,9,5884
22335,1,-10,5,5887
22350,1,-12,-10,5891
22365,1,0,-10,5895
22380,-1,-11,-10,5899
22395,1,-1,-3,5903
22410,1,5,6,5907
22425,1,-5,6,5911
22440,-1,4,-5,5915
22455,-1,-9,10,5918
22470,-1,9,-3,5922
22485,1,6,6,5926
22500,1,-9,6,5930
22515,1,-7,12,5934
22530,-1,-1,1,5938
22545,1,-11,-2,5942
22560,1,-10,-11,5945
22575,1,-2,2,5949
22590,1,-12,-1,5953
22605,1,10,8,5957
22620,1,-9,-7,5961
22635,-1,10,1,5965
22650,-1,11,-10,5969
22665,1,5,-8,5973
22680,-1,11,-4,5976
22695,-1,2,7,5980
22710,1,-8,-10,5984
22725,1,-9,7,5988
22740,1,0,7,5992
22755,-1,2,1,5996
22770,-1,-4,6,6000
22785,-1,-9,4,6003
22800,1,0,4,6007
22815,1,5,4,6011
22830,-1,-4,0,6015
22845,-1,6,-12,6019
22860,1,-2,-10,6023
22875,1,-2,8,6027
22890,-1,6,2,6031
22905,1,-1,-4,6034
22920,1,3,-11,6038
22935,-1,-4,4,6042
22950,1,8,6,6046
22965,-1,10,-8,6050
22980,1,-12,6,6054
22995,-1,-10,-11,6058
23010,-1,3,-1,6061
23025,1,-3,-2,6065
23040,-1,4,1,6069
23055,1,8,4,6073
23070,1,4,5,6077
23085,-1,-6,3,6081
23100,1,-8,4,6085
23115,-1,-1,9,6089
23130,1,5,0,6092
23145,-1,9,4,6096
23160,-1,-2,-5,6100
23175,-1,-2,-7,6104
23190,-1,-3,9,6108
23205,-1,-3,4,6112
23220,-1,8,1,6116
23235,1,-3,9,6119
23250,-1,-12,-4,6123
23265,1,4,11,6127
23280,-1,-12,-3,6131
23295,1,10,5,6135
23310,-1,-11,1,6139
23325,1,-9,11,6143
23340,-1,12,3,6147
23355,-1,-10,-12,6150
23370,-1,-10,3,6154
23385,-1,-1,-2,6158
23400,-1,-3,12,6162
23415,1,-6,3,6166
23430,-1,-6,-3,6170
23445,-1,7,-8,6174
23460,-1,-3,-12,6178
23475,-1,1,-6,6181
23490,1,-10,-10,6185
23505,1,12,-8,6189
23520,-1,9,3,6193
23535,-1,1,5,6197
23550,-1,2,9,6201
23565,1,0,3,6205
23580,-1,-12,3,6208
23595,-1,-11,-12,6212
23610,1,-1,8,6216
23625,-1,-7,0,6220
23640,1,-2,-6,6224
23655,-1,3,8,6228
23670,1,8,-7,6232
23685,1,-11,9,6236
23700,1,2,-9,6239
23715,1,11,-10,6243
23730,-1,-10,-10,6247
23745,-1,-3,-4,6251
23760,-1,-4,-1,6255
23775,1,-8,8,6259
23790,1,-7,-8,6263
23805,1,4,8,6266
23820,-1,9,1,6270
23835,-1,4,7,6274
23850,1,-9,-6,6278
23865,1,10,-11,6282
23880,-1,6,-6,6286
23895,-1,8,-9,6290
23910,1,9,-5,6294
23925,-1,-7,-2,6297
23940,1,10,-12,6301
23955,-1,-7,0,6305
23970,-1,-12,-11,6309
23985,1,5,-4,6313
24000,1,4,3,6317
24015,-1,-1,11,6321
24030,-1,-8,-1,6324
24045,1,1,10,6328
24060,-1,-10,-3,6332
24075,-1,4,7,6336
24090,1,-2,2,6340
24105,1,-12,-2,6344
24120,1,9,1,6348
24135,1,8,-1,6352
24150,1,-7,10,6355
24165,-1,4,5,6359
24180,-1,10,2,6363
24195,1,-2,-3,6367
24210,-1,-4,-7,6371
24225,1,11,-10,6375
24240,1,0,1,6379
24255,-1,12,11,6382
24270,1,-9,-1,6386
24285,1,10,3,6390
24300,-1,0,1,6394
24315,1,0,-7,6398
24330,1,2,-9,6402
24345,1,0,-8,6406
24360,-1,5,1,6410
24375,1,-8,8,6413
24390,1,-3,1,6417
24405,-1,-1,-9,6421
24420,-1,7,-7,6425
24435,-1,-10,12,6429
24450,-1,-6,6,6433
24465,-1,11,-8,6437
24480,1,-8,-11,6440
24495,1,2,-8,6444
24510,1,9,4,6448
24525,-1,1,4,6452
24540,1,-5,10,6456
24555,-1,9,-2,6460
24570,-1,5,9,6464
24585,-1,-4,-5,6468
24600,1,2,12,6471
24615,1,-7,11,6475
24630,1,7,-11,6479
24645,-1,-3,11,6483
24660,-1,5,10,6487
24675,-1,12,10,6491
24690,-1,-4,10,6495
24705,-1,4,-5,6499
24720,-1,-11,-10,6502
24735,1,-1,8,6506
24750,1,-2,-7,6510
24765,1,5,2,6514
24780,-1,10,12,6518
24795,1,9,-4,6522
24810,-1,7,-12,6526
24825,-1,3,-6,6529
24840,-1,2,1,6533
24855,1,-1,-3,6537
24870,-1,7,-11,6541
24885,-1,11,1,6545
24900,-1,10,-9,6549
24915,-1,-3,1,6553
24930,-1,4,9,6557
24945,-1,-5,-8,6560
24960,1,-6,-8,6564
24975,-1,9,3,6568
24990,1,10,4,6572
25005,1,6,-3,6576
25020,-1,12,7,6580
25035,1,9,-12,6584
25050,-1,-8,1,6587
25065,1,3,12,6591
25080,1,12,3,6595
25095,1,-2,-8,6599
25110,-1,8,-7,6603
25125,-1,1,-6,6607
25140,1,4,0,6611
25155,-1,7,1,6615
25170,1,5,5,6618
25185,-1,2,-4,6622
25200,1,11,1,6626
25215,-1,5,-11,6630
25230,-1,-9,11,6634
25245,1,-6,4,6638
25260,-1,-3,-1,6642
25275,1,4,-5,6645
25290,-1,-9,3,6649
25305,1,10,6,6653
25320,-1,-1,-5,6657
25335,-1,-9,-6,6661
25350,1,-12,-1,6665
25365,-1,-3,0,6669
25380,1,-6,10,6673
25395,-1,5,9,6676
25410,-1,9,12,6680
25425,1,10,1,6684
25440,1,-1,-11,6688
25455,-1,1,6,6692
25470,-1,-5,-3,6696
25485,1,12,8,6700
25500,1,-9,7,6703
25515,1,-6,3,6707
25530,-1,-3,10,6711
25545,1,7,-1,6715
25560,1,5,7,6719
25575,-1,-7,3,6723
25590,1,-9,10,6727
25605,1,1,12,6731
25620,-1,11,-11,6734
25635,-1,-4,7,6738
25650,-1,9,-2,6742
25665,1,10,12,6746
25680,1,9,0,6750
25695,-1,-9,5,6754
25710,-1,6,1,6758
25725,-1,7,5,6761
25740,1,3,12,6765
25755,-1,1,11,6769
25770,-1,9,-2,6773
25785,1,1,-6,6777
25800,1,3,-9,6781
25815,1,-6,1,6785
25830,-1,-10,-5,6789
25845,-1,-10,3,6792
25860,-1,-2,-4,6796
25875,-1,-4,-5,6800
25890,-1,-6,-11,6804
25905,-1,11,-5,6808
25920,1,-3,-10,6812
25935,-1,6,-7,6816
25950,-1,-11,11,6820
25965,-1,8,5,6823
25980,1,-2,-5,6827
25995,1,11,8,6831
26010,-1,10,-4,6835
26025,1,12,4,6839
26040,-1,-11,-2,6843
26055,-1,5,-5,6847
26070,1,10,10,6850
26085,1,-6,-1,6854
26100,-1,-2,4,6858
26115,-1,-1,-2,6862
26130,1,8,8,6866
26145,-1,-8,-1,6870
26160,1,-10,-8,6874
26175,1,3,0,6878
26190,-1,-12,-5,6881
26205,-1,-8,6,6885
26220,1,-3,-11,6889
26235,-1,-4,7,6893
26250,-1,6,5,6897
26265,1,-1,-3,6901
26280,-1,-4,-4,6905
26295,1,6,6,6908
26310,-1,-5,1,6912
26325,-1,7,7,6916
26340,-1,3,8,6920
26355,-1,4,-8,6924
26370,1,-9,-12,6928
26385,-1,-11,5,6932
26400,1,8,-7,6936
26415,-1,-9,-8,6939
26430,1,-4,1,6943
26445,1,-3,-3,6947
26460,-1,7,10,6951
26475,-1,-9,1,6955
26490,1,-9,6,6959
26505,-1,4,-3,6963
26520,-1,0,-11,6966
26535,-1,6,8,6970
26550,1,11,-7,6974
26565,-1,12,-1,6978
26580,1,1,-8,6982
26595,-1,-11,7,6986
26610,1,1,12,6990
26625,-1,-4,-11,6994
26640,-1,-9,-5,6997
26655,1,-12,-3,7001
26670,1,6,-8,7005
26685,1,2,-4,7009
26700,-1,-10,-5,7013
26715,1,-2,9,7017
26730,1,9,-2,7021
26745,-1,-4,-4,7024
26760,-1,-7,-6,7028
26775,1,-5,-2,7032
26790,1,11,5,7036
26805,1,-12,11,7040
26820,-1,9,3,7044
26835,-1,-2,11,7048
26850,-1,-2,11,7052
26865,1,-2,0,7055
26880,-1,6,-1,7059
26895,1,3,9,7063
26910,1,-10,12,7067
26925,-1,10,6,7071
26940,1,12,10,7075
26955,1,-11,-11,7079
26970,1,0,7,7083
26985,1,8,-9,7086
27000,-1,4,12,7090
27015,-1,6,-1,7094
27030,-1,7,-7,7098
27045,-1,9,3,7102
27060,-1,-3,-7,7106
27075,1,9,-1,7110
27090,-1,-11,-5,7113
27105,1,11,-12,7117
27120,-1,6,-10,7121
27135,1,-8,-9,7125
27150,1,8,9,7129
27165,1,10,12,7133
27180,1,0,8,7137
27195,-1,5,-1,7141
27210,1,10,-2,7144
27225,1,-1,12,7148
27240,1,-5,-8,7152
27255,1,-10,-8,7156
27270,-1,-9,1,7160
27285,-1,11,-5,7164
27300,-1,-1,7,7168
27315,-1,4,-6,7171
27330,-1,7,-3,7175
27345,1,0,0,7179
27360,1,2,-12,7183
27375,1,11,12,7187
27390,1,3,-4,7191
27405,-1,-1,2,7195
27420,-1,-3,0,7199
27435,-1,10,-11,7202
27450,1,11,6,7206
27465,1,-12,10,7210
27480,1,-4,9,7214
27495,-1,-4,10,7218
27510,1,-6,6,7222
27525,-1,7,9,7226
27540,-1,6,-8,7229
27555,-1,-10,11,7233
27570,1,-3,-7,7237
27585,-1,-11,3,7241
27600,-1,0,6,7245
27615,-1,-10,-2,7249
27630,1,6,-8,7253
27645,-1,10,-7,7257
27660,-1,-4,-8,7260
27675,-1,0,6,7264
27690,1,-12,-2,7268
27705,-1,-3,12,7272
27720,-1,7,9,7276
27735,-1,6,-5,7280
27750,-1,-4,-9,7284
27765,1,-8,-9,7287
27780,1,7,0,7291
27795,-1,-11,-10,7295
27810,-1,2,6,7299
27825,-1,-2,12,7303
27840,1,-7,-11,7307
27855,-1,6,2,7311
27870,1,6,12,7315
27885,-1,-11,-9,7318
27900,-1,2,0,7322
27915,-1,3,-7,7326
27930,-1,7,-1,7330
27945,-1,5,7,7334
27960,1,1,8,7338
27975,-1,8,-10,7342
27990,-1,3,7,7345
28005,1,-9,1,7349
28020,1,-6,5,7353
28035,-1,9,-1,7357
28050,-1,-5,0,7361
28065,1,3,3,7365
28080,1,9,6,7369
28095,1,-5,-9,7373
28110,-1,-2,1,7376
28125,1,9,-11,7380
28140,-1,-1,0,7384
28155,1,-11,6,7388
28170,-1,-4,-8,7392
28185,-1,-4,-7,7396
28200,1,11,7,7400
28215,-1,2,-1,7404
28230,-1,3,-2,7407
28245,-1,10,-2,7411
28260,-1,-4,-1,7415
28275,1,-11,-9,7419
28290,-1,10,-7,7423
28305,1,1,-2,7427
28320,1,-11,7,7431
28335,-1,-12,-2,7434
28350,1,1,-12,7438
28365,1,10,4,7442
28380,1,11,-3,7446
28395,-1,8,5,7450
28410,1,12,12,7454
28425,-1,2,3,7458
28440,1,-12,7,7462
28455,-1,1,10,7465
28470,1,-10,-8,7469
28485,1,1,7,7473
28500,1,-1,5,7477
28515,-1,1,5,7481
28530,-1,4,-4,7485
28545,1,-11,-8,7489
28560,-1,-4,-8,7492
28575,-1,10,11,7496
28590,-1,6,-1,7500
28605,1,-7,-3,7504
28620,1,-3,3,7508
28635,-1,4,9,7512
28650,-1,-8,5,7516
28665,1,6,-8,7520
28680,1,-2,6,7523
28695,1,11,-1,7527
28710,-1,9,-6,7531
28725,1,3,4,7535
28740,-1,-8,-8,7539
28755,1,3,8,7543
28770,1,-1,12,7547
28785,-1,9,8,7550
28800,-1,-12,-8,7554
28815,1,-4,9,7558
28830,1,11,-6,7562
28845,1,-5,2,7566
28860,-1,-5,7,7570
28875,-1,1,-6,7574
28890,-1,11,8,7578
28905,1,-10,7,7581
28920,-1,11,-5,7585
28935,1,0,8,7589
28950,1,-5,3,7593
28965,-1,2,12,7597
28980,1,-9,-11,7601
28995,-1,7,-12,7605
29010,1,4,-9,7608
29025,-1,-1,10,7612
29040,-1,-11,-3,7616
29055,-1,-4,-7,7620
29070,1,-8,-5,7624
29085,-1,-9,-12,7628
29100,-1,-3,-1,7632
29115,1,9,1,7636
29130,-1,5,-1,7639
29145,1,-7,11,7643
29160,-1,-6,1,7647
29175,-1,5,-4,7651
29190,-1,9,-11,7655
29205,-1,-1,-9,7659
29220,-1,-1,2,7663
29235,1,-4,-2,7666
29250,-1,2,-8,7670
29265,1,-12,10,7674
29280,-1,2,-8,7678
29295,-1,1,-3,7682
29310,-1,-12,-8,7686
29325,-1,-2,6,7690
29340,-1,6,1,7694
29355,-1,-11,-11,7697
29370,-1,-2,-7,7701
29385,-1,11,-2,7705
29400,-1,-8,8,7709
29415,-1,-2,-8,7713
29430,-1,11,11,7717
29445,-1,7,2,7721
29460,-1,-2,2,7725
29475,1,8,-5,7728
29490,1,1,8,7732
29505,1,-2,-3,7736
29520,1,-6,9,7740
29535,-1,-10,-10,7744
29550,-1,-7,12,7748
29565,1,8,-2,7752
29580,-1,5,11,7755
29595,-1,-10,-12,7759
29610,-1,4,5,7763
29625,1,4,9,7767
29640,1,-11,9,7771
29655,1,-11,-3,7775
29670,-1,5,10,7779
29685,-1,2,0,7783
29700,-1,-4,0,7786
29715,1,0,4,7790
29730,1,-4,8,7794
29745,1,-5,-2,7798
29760,1,5,-1,7802
29775,1,10,0,7806
29790,1,6,0,7810
29805,1,4,9,7813
29820,1,10,-10,7817
29835,-1,5,-7,7821
29850,-1,10,-2,7825
29865,-1,-2,-11,7829
29880,-1,7,-8,7833
29895,1,-10,11,7837
29910,1,-6,0,7841
29925,-1,-8,0,7844
29940,-1,11,0,7848
29955,1,-11,-6,7852
29970,-1,6,8,7856
29985,1,7,5,7860
30000,-1,-4,-1,7864
30015,-1,-6,12,7868
30030,1,11,10,7871
30045,1,10,4,7875
30060,1,5,4,7879
30075,1,-9,10,7883
30090,-1,12,11,7887
30105,-1,12,11,7891
30120,-1,3,-7,7895
30135,1,-6,1,7899
30150,1,11,8,7902
30165,1,-8,11,7906
30180,-1,-7,-3,7910
30195,1,3,1,7914
30210,-1,-2,2,7918
30225,-1,-12,-5,7922
30240,-1,6,5,7926
30255,-1,12,-4,7929
30270,-1,7,-7,7933
30285,1,-4,-4,7937
30300,1,7,0,7941
30315,-1,4,-8,7945
30330,1,3,9,7949
30345,1,3,-10,7953
30360,-1,9,7,7957
30375,-1,1,8,7960
30390,1,-12,-9,7964
30405,-1,-3,-2,7968
30420,1,-3,4,7972
30435,-1,-10,2,7976
30450,1,6,-9,7980
30465,-1,6,8,7984
30480,-1,10,7,7988
30495,-1,-1,-5,7991
30510,-1,-8,-10,7995
30525,1,4,12,7999
30540,1,4,11,8003
30555,-1,-2,3,8007
30570,-1,7,-11,8011
30585,1,12,10,8015
30600,1,-8,-11,8018
30615,1,6,10,8022
30630,1,1,-10,8026
30645,-1,-8,-6,8030
30660,-1,-3,-12,8034
30675,1,-1,6,8038
30690,1,-7,5,8042
30705,1,7,-2,8046
30720,-1,0,-5,8049
30735,1,8,5,8053
30750,-1,1,7,8057
30765,-1,4,-3,8061
30780,-1,2,3,8065
30795,-1,5,1,8069
30810,-1,1,3,8073
30825,-1,4,10,8076
30840,1,4,5,8080
30855,-1,-11,-1,8084
30870,-1,11,6,8088
30885,1,-3,-2,8092
30900,1,1,-12,8096
30915,-1,-4,0,8100
30930,-1,6,-2,8104
30945,-1,-8,3,8107
30960,1,-10,-11,8111
30975,-1,-7,-1,8115
30990,-1,-7,-9,8119
31005,1,-9,-11,8123
31020,1,4,-5,8127
31035,-1,8,-6,8131
31050,-1,1,-11,8134
31065,-1,1,9,8138
31080,-1,-9,-10,8142
31095,1,-1,-7,8146
31110,-1,-2,4,8150
31125,1,12,12,8154
31140,1,-1,-5,8158
31155,-1,9,-9,8162
31170,-1,4,2,8165
31185,1,0,5,8169
31200,1,11,7,8173
31215,-1,-8,1,8177
31230,-1,-3,2,8181
31245,1,5,-11,8185
31260,1,4,-8,8189
31275,-1,-12,-9,8192
31290,-1,9,12,8196
31305,1,11,-1,8200
31320,-1,-6,7,8204
31335,1,-7,8,8208
31350,-1,5,10,8212
31365,1,-3,-2,8216
31380,-1,9,0,8220
31395,1,-6,12,8223
31410,1,-2,-8,8227
31425,-1,9,11,8231
31440,1,-10,11,8235
31455,-1,4,-8,8239
31470,-1,4,1,8243
31485,1,-10,-4,8247
31500,-1,2,7,8250
31515,-1,3,9,8254
31530,1,-9,-4,8258
31545,-1,-7,12,8262
31560,-1,1,5,8266
31575,-1,-9,10,8270
31590,1,-7,-10,8274
31605,-1,2,-9,8278
31620,1,8,-7,8281
31635,1,-9,5,8285
31650,-1,0,-4,8289
31665,-1,11,10,8293
31680,-1,-7,-4,8297
31695,-1,-1,-4,8301
31710,-1,-6,-7,8305
31725,-1,-5,12,8309
31740,1,7,8,8312
31755,1,8,-9,8316
31770,1,-8,-3,8320
31785,1,5,-7,8324
31800,-1,-2,2,8328
31815,-1,9,-11,8332
31830,-1,10,12,8336
31845,1,5,-9,8339
31860,-1,5,12,8343
31875,-1,-11,0,8347
31890,1,1,3,8351
31905,-1,7,-5,8355
31920,-1,-8,9,8359
31935,1,-9,-11,8363
31950,1,11,-12,8367
31965,-1,9,-1,8370
31980,-1,0,4,8374
31995,-1,5,-12,8378
32010,-1,-7,0,8382
32025,-1,-7,-3,8386
32040,-1,-12,-1,8390
32055,1,10,4,8394
32070,1,1,-9,8397
32085,1,8,-9,8401
32100,-1,2,6,8405
32115,1,10,8,8409
32130,-1,-9,5,8413
32145,1,12,-9,8417
32160,1,-7,2,8421
32175,1,-10,-1,8425
32190,-1,-12,1,8428
32205,1,5,-9,8432
32220,1,-1,-11,8436
32235,1,-5,-3,8440
32250,-1,3,9,8444
32265,-1,-1,3,8448
32280,-1,10,-12,8452
32295,1,8,-2,8455
32310,-1,10,12,8459
32325,1,8,8,8463
32340,1,8,11,8467
32355,-1,4,3,8471
32370,1,3,-8,8475
32385,-1,10,-2,8479
32400,-1,-6,3,8483
32415,1,8,0,8486
32430,1,-6,-11,8490
32445,1,-6,-3,8494
32460,1,3,-1,8498
32475,1,7,-5,8502
32490,1,1,3,8506
32505,-1,2,-10,8510
32520,-1,1,11,8513
32535,-1,-9,12,8517
32550,-1,-6,5,8521
32565,1,-8,-1,8525
32580,1,2,-10,8529
32595,1,10,-11,8533
32610,-1,4,11,8537
32625,1,12,2,8541
32640,1,8,-11,8544
32655,-1,-12,3,8548
32670,1,0,4,8552
32685,-1,3,8,8556
32700,1,-3,-7,8560
32715,-1,-8,-6,8564
32730,-1,3,-4,8568
32745,1,5,10,8571
32760,1,6,-2,8575
32775,-1,11,-2,8579
32790,-1,11,-3,8583
32805,1,-8,1,8587
32820,-1,10,-12,8591
32835,-1,11,7,8595
32850,1,11,-4,8599
32865,-1,8,8,8602
32880,-1,2,-10,8606
32895,1,8,7,8610
32910,-1,10,-3,8614
32925,-1,-9,-10,8618
32940,1,-3,10,8622
32955,1,-4,8,8626
32970,-1,6,-8,8630
32985,1,4,3,8633
33000,1,-3,-2,8637
33015,-1,-8,-10,8641
33030,1,-5,-5,8645
33045,1,0,12,8649
33060,1,12,1,8653
33075,1,10,-12,8657
33090,1,9,7,8660
33105,1,-7,-9,8664
33120,-1,-7,7,8668
33135,1,0,-3,8672
33150,1,-7,8,8676
33165,1,-7,10,8680
33180,1,-7,-3,8684
33195,1,0,-1,8688
33210,1,10,8,8691
33225,-1,-4,-2,8695
33240,-1,6,7,8699
33255,-1,2,-5,8703
33270,-1,-9,-2,8707
33285,1,-7,11,8711
33300,-1,8,-3,8715
33315,1,2,-11,8718
33330,-1,4,6,8722
33345,1,-5,6,8726
33360,1,7,-5,8730
33375,1,-8,1,8734
33390,1,-12,6,8738
33405,1,-10,6,8742
33420,1,-4,-1,8746
33435,-1,-3,1,8749
33450,1,9,4,8753
33465,-1,-7,-12,8757
33480,1,-7,12,8761
33495,-1,7,2,8765
33510,-1,8,11,8769
33525,1,-5,1,8773
33540,-1,8,12,8776
33555,-1,9,4,8780
33570,-1,-2,-2,8784
33585,1,2,-3,8788
33600,-1,10,12,8792
33615,1,-9,6,8796
33630,1,12,8,8800
33645,1,-5,2,8804
33660,1,-7,-7,8807
33675,-1,-4,-10,8811
33690,1,-10,-8,8815
33705,-1,7,-2,8819
33720,-1,-8,0,8823
33735,1,-6,12,8827
33750,-1,7,-7,8831
33765,1,-4,10,8834
33780,-1,2,-12,8838
33795,-1,9,-4,8842
33810,1,-3,-1,8846
33825,-1,3,-3,8850
33840,1,11,8,8854
33855,-1,11,0,8858
33870,-1,9,5,8862
33885,1,8,10,8865
33900,-1,-7,3,8869
33915,-1,1,7,8873
33930,1,-6,-3,8877
33945,-1,1,9,8881
33960,1,-7,3,8885
33975,1,-11,11,8889
33990,-1,-3,7,8892
34005,-1,-12,-8,8896
34020,-1,-11,-12,8900
34035,-1,-11,-8,8904
34050,-1,4,11,8908
34065,1,0,-4,8912
34080,-1,-3,6,8916
34095,-1,9,2,8920
34110,-1,9,-12,8923
34125,-1,5,12,8927
34140,1,-2,9,8931
34155,1,-2,11,8935
34170,-1,-5,-12,8939
34185,-1,-3,-8,8943
34200,1,12,6,8947
34215,1,-3,0,8951
34230,1,-1,5,8954
34245,1,10,6,8958
34260,1,-4,3,8962
34275,1,1,11,8966
34290,1,7,-2,8970
34305,-1,-5,6,8974
34320,1,-11,-3,8978
34335,-1,2,-1,8981
34350,1,2,0,8985
34365,1,1,-8,8989
34380,-1,-9,5,8993
34395,1,0,-1,8997
34410,1,0,-10,9001
34425,1,12,-12,9005
34440,1,-3,4,9009
34455,1,-8,-5,9012
34470,1,9,8,9016
34485,-1,11,-3,9020
34500,-1,7,1,9024
34515,1,-3,6,9028
34530,1,8,-3,9032
34545,-1,-6,0,9036
34560,-1,8,6,9039
34575,1,3,-7,9043
34590,1,-11,-5,9047
34605,-1,8,-7,9051
34620,-1,2,0,9055
34635,-1,10,-10,9059
34650,-1,2,-10,9063
34665,1,9,5,9067
34680,-1,-9,3,9070
34695,1,1,4,9074
34710,-1,-3,-7,9078
34725,1,-6,8,9082
34740,-1,2,2,9086
34755,-1,-10,-5,9090
34770,-1,5,8,9094
34785,-1,-3,-8,9097
34800,-1,4,4,9101
34815,1,4,3,9105
34830,1,-12,-8,9109
34845,-1,-7,1,9113
34860,-1,12,12,9117
34875,-1,4,1,9121
34890,-1,0,-9,9125
34905,1,-11,3,9128
34920,1,5,8,9132
34935,-1,10,-5,9136
34950,-1,-3,0,9140
34965,-1,10,12,9144
34980,-1,11,12,9148
34995,-1,4,-7,9152
35010,1,12,10,9155
35025,1,-12,4,9159
35040,-1,5,7,9163
35055,-1,8,-7,9167
35070,-1,2,5,9171
35085,-1,-8,8,9175
35100,1,5,-2,9179
35115,1,12,6,9183
35130,-1,-4,6,9186
35145,-1,7,6,9190
35160,1,4,1,9194
35175,-1,-11,-3,9198
35190,-1,9,10,9202
35205,-1,8,-7,9206
35220,-1,-5,4,9210
35235,1,-4,8,9214
35250,-1,-6,-12,9217
35265,1,8,11,9221
35280,1,1,0,9225
35295,-1,11,-10,9229
35310,1,3,5,9233
35325,-1,8,-1,9237
35340,-1,-5,2,9241
35355,-1,9,-5,9244
35370,-1,5,-11,9248
35385,1,-5,-7,9252
35400,1,9,-5,9256
35415,-1,-3,-6,9260
35430,1,2,0,9264
35445,1,9,-8,9268
35460,1,11,-10,9272
35475,1,-5,2,9275
35490,1,-8,7,9279
35505,-1,4,-7,9283
35520,-1,0,5,9287
35535,-1,-12,11,9291
35550,1,-8,-5,9295
35565,1,-3,-5,9299
35580,-1,-7,-4,9302
35595,-1,2,-12,9306
35610,1,-1,7,9310
35625,1,-12,-4,9314
35640,-1,3,-8,9318
35655,1,-6,-10,9322
35670,1,0,6,9326
35685,-1,12,2,9330
35700,-1,10,2,9333
35715,-1,1,-3,9337
35730,1,-2,0,9341
35745,1,8,2,9345
35760,-1,12,-2,9349
35775,1,-1,11,9353
35790,1,-8,-9,9357
35805,-1,-8,3,9360
35820,1,-6,10,9364
35835,1,2,3,9368
35850,1,0,8,9372
35865,-1,-5,0,9376
35880,-1,2,-11,9380
35895,-1,-7,-3,9384
35910,1,-3,-6,9388
35925,-1,11,-6,9391
35940,1,-12,-1,9395
35955,1,12,-6,9399
35970,1,-5,-1,9403
35985,-1,-1,-7,9407
